study,p_value(paired_t),cohens_d
1,0.8698,0.07041516
2,0.9162,0.04517683
3,0.7343,0.1465084
4,0.2129,0.5826358
5,0.6537,0.1946204
6,0.1492,0.6954954
7,0.9788,0.01141839