study,p-value(paired_t),cohens_d
1,0.9366,0.037879
2,0.9593,0.02426822
3,0.8676,0.07944747
4,0.4424,0.3808261
5,0.8236,0.1063966
6,0.3178,0.5099836
7,0.9897,0.006128133