parameters,possibility1,possiblity2,possibility3
pvals_of_5Para,0.13277642496946637,0.919716237562962,0.1305391900265175
